timestamp,temp_ar_C,umid_ar_pct,temp_solo_C,umid_solo_pct,radiacao_solar_Wm2,vento_ms,eto_penman_monteith_mm,irrigou,volume_irrigado_L_m2,dias_ultima_irrigacao,confianca_label
2024-07-31 00:00:00,24.98,63.85,21.94,35.39,0.0,3.22,0.1004,0,0.0,4,0.0
2024-07-31 00:30:00,24.64,60.53,21.67,34.28,0.0,2.86,0.1004,0,0.0,4,0.0
2024-07-31 01:00:00,24.76,64.84,21.33,35.48,0.0,3.45,0.1004,0,0.0,4,0.0
2024-07-31 01:30:00,24.17,65.17,21.24,34.89,0.0,4.18,0.1004,0,0.0,4,0.0
2024-07-31 02:00:00,25.19,64.34,22.45,35.36,0.0,2.65,0.1004,0,0.0,4,0.0
2024-07-31 02:30:00,26.26,65.64,23.73,34.55,0.0,2.05,0.1004,0,0.0,4,0.0
2024-07-31 03:00:00,24.05,61.33,21.28,35.05,5.64,1.96,0.1004,0,0.0,4,0.0
2024-07-31 03:30:00,26.39,62.54,23.67,34.27,0.0,1.36,0.1004,0,0.0,4,0.0
2024-07-31 04:00:00,25.86,62.67,22.92,34.38,0.0,2.91,0.1004,0,0.0,4,0.0
2024-07-31 04:30:00,27.09,57.66,24.24,34.85,6.47,1.0,0.1004,0,0.0,4,0.0
2024-07-31 05:00:00,27.19,56.65,24.96,34.38,0.0,3.6,0.1004,0,0.0,4,0.0
2024-07-31 05:30:00,27.24,55.15,24.87,35.25,6.36,2.91,0.1004,0,0.0,4,0.0
2024-07-31 06:00:00,28.86,56.57,26.87,35.14,0.0,4.3,0.1004,0,0.0,4,0.0
2024-07-31 06:30:00,28.51,53.53,25.03,34.58,88.37,3.27,0.1004,0,0.0,4,0.0
2024-07-31 07:00:00,30.29,52.81,27.59,34.95,204.48,1.7,0.1004,0,0.0,4,0.0
2024-07-31 07:30:00,30.69,48.07,26.72,33.87,249.51,1.95,0.1004,0,0.0,4,0.0
2024-07-31 08:00:00,29.72,47.17,27.19,34.31,267.72,2.8,0.1004,0,0.0,4,0.0
2024-07-31 08:30:00,31.66,46.11,28.25,33.7,305.06,4.49,0.1004,0,0.0,4,0.0
2024-07-31 09:00:00,31.66,46.35,29.22,34.88,435.78,3.98,0.1004,0,0.0,4,0.0
2024-07-31 09:30:00,31.87,41.59,28.85,34.86,674.24,2.92,0.1004,0,0.0,4,0.0
2024-07-31 10:00:00,33.39,48.44,30.1,34.27,755.95,1.77,0.1004,0,0.0,4,0.0
2024-07-31 10:30:00,32.33,41.97,29.43,34.1,686.07,2.72,0.1004,0,0.0,4,0.0
2024-07-31 11:00:00,33.45,39.31,29.86,34.82,768.05,4.25,0.1004,0,0.0,4,0.0
2024-07-31 11:30:00,33.98,42.14,31.12,34.46,837.98,1.82,0.1004,0,0.0,4,0.0
2024-07-31 12:00:00,32.83,42.41,29.27,34.09,745.15,2.76,0.1004,0,0.0,4,0.0
2024-07-31 12:30:00,33.0,44.37,30.37,33.94,773.48,2.81,0.1004,0,0.0,4,0.0
2024-07-31 13:00:00,33.65,42.46,31.18,34.1,423.86,3.89,0.1004,0,0.0,4,0.0
2024-07-31 13:30:00,32.67,45.04,29.93,33.19,715.04,4.23,0.1004,0,0.0,4,0.0
2024-07-31 14:00:00,33.4,42.47,30.48,34.07,737.78,1.84,0.1004,0,0.0,4,0.0
2024-07-31 14:30:00,31.72,44.63,28.14,34.84,662.52,3.83,0.1004,0,0.0,4,0.0
2024-07-31 15:00:00,32.24,41.82,29.6,32.5,532.58,3.6,0.1004,0,0.0,4,0.0
2024-07-31 15:30:00,31.66,44.01,28.16,33.6,417.57,4.37,0.1004,0,0.0,4,0.0
2024-07-31 16:00:00,30.73,48.36,27.97,33.29,344.96,1.77,0.1004,0,0.0,4,0.0
2024-07-31 16:30:00,29.99,51.08,26.71,32.86,297.36,4.1,0.1004,0,0.0,4,0.0
2024-07-31 17:00:00,28.76,56.42,25.58,34.79,204.42,2.07,0.1004,0,0.0,4,0.0
2024-07-31 17:30:00,28.16,47.02,25.53,33.64,80.62,3.09,0.1004,0,0.0,4,0.0
2024-07-31 18:00:00,26.77,55.35,23.54,34.18,5.23,3.51,0.1004,0,0.0,4,0.0
2024-07-31 18:30:00,27.96,55.28,25.22,34.17,0.0,1.07,0.1004,0,0.0,4,0.0
2024-07-31 19:00:00,27.18,57.73,24.24,33.66,4.49,1.12,0.1004,0,0.0,4,0.0
2024-07-31 19:30:00,26.93,62.15,23.51,33.28,0.59,2.42,0.1004,0,0.0,4,0.0
2024-07-31 20:00:00,25.93,59.72,22.68,33.89,7.99,0.16,0.1004,0,0.0,4,0.0
2024-07-31 20:30:00,25.79,59.87,22.81,33.85,2.72,2.53,0.1004,0,0.0,4,0.0
2024-07-31 21:00:00,25.72,55.59,22.22,34.16,5.94,2.73,0.1004,0,0.0,4,0.0
2024-07-31 21:30:00,25.14,57.86,22.45,33.37,0.0,3.54,0.1004,0,0.0,4,0.0
2024-07-31 22:00:00,25.35,60.73,22.45,33.31,6.73,1.42,0.1004,0,0.0,4,0.0
2024-07-31 22:30:00,24.22,64.19,21.42,33.21,0.0,4.73,0.1004,0,0.0,4,0.0
2024-07-31 23:00:00,25.12,63.42,22.14,33.36,0.0,1.74,0.1004,0,0.0,4,0.0
2024-07-31 23:30:00,25.38,63.79,22.29,33.06,0.0,2.51,0.1004,0,0.0,4,0.0
2024-08-01 00:00:00,24.1,62.54,21.52,32.95,0.0,3.17,0.0959,0,0.0,5,0.0
2024-08-01 00:30:00,24.35,61.44,21.15,34.11,3.17,1.42,0.0959,0,0.0,5,0.0
2024-08-01 01:00:00,24.85,65.55,21.37,34.51,0.0,2.53,0.0959,0,0.0,5,0.0
2024-08-01 01:30:00,25.12,62.29,22.0,32.55,3.8,3.88,0.0959,0,0.0,5,0.0
2024-08-01 02:00:00,25.58,63.99,22.02,32.33,0.0,3.37,0.0959,0,0.0,5,0.0
2024-08-01 02:30:00,25.5,63.72,22.54,33.2,0.0,0.24,0.0959,0,0.0,5,0.0
2024-08-01 03:00:00,25.28,55.84,22.29,32.54,8.07,3.86,0.0959,0,0.0,5,0.0
2024-08-01 03:30:00,25.98,59.13,22.96,32.62,8.39,2.86,0.0959,0,0.0,5,0.0
2024-08-01 04:00:00,26.45,57.63,23.19,32.73,0.0,2.43,0.0959,0,0.0,5,0.0
2024-08-01 04:30:00,26.49,56.12,23.28,32.99,0.0,3.88,0.0959,0,0.0,5,0.0
2024-08-01 05:00:00,27.12,55.51,25.36,32.31,0.0,1.89,0.0959,0,0.0,5,0.0
2024-08-01 05:30:00,26.75,63.61,23.83,32.49,0.0,0.58,0.0959,0,0.0,5,0.0
2024-08-01 06:00:00,26.49,58.36,24.12,33.68,0.0,2.97,0.0959,1,4.14,0,0.558
2024-08-01 06:30:00,29.15,54.78,27.29,33.79,104.79,2.32,0.0959,0,0.0,0,0.0
2024-08-01 07:00:00,27.92,57.55,24.83,33.81,167.04,2.23,0.0959,0,0.0,0,0.0
2024-08-01 07:30:00,30.61,49.36,28.0,33.54,196.87,2.96,0.0959,0,0.0,0,0.0
2024-08-01 08:00:00,29.98,51.08,28.02,35.08,294.69,2.15,0.0959,0,0.0,0,0.0
2024-08-01 08:30:00,30.96,42.83,27.88,34.26,536.61,1.35,0.0959,0,0.0,0,0.0
2024-08-01 09:00:00,32.34,45.62,29.01,33.46,494.72,1.19,0.0959,0,0.0,0,0.0
2024-08-01 09:30:00,32.64,38.3,29.48,33.7,526.74,2.66,0.0959,0,0.0,0,0.0
2024-08-01 10:00:00,32.9,44.27,29.55,34.01,583.32,2.22,0.0959,0,0.0,0,0.0
2024-08-01 10:30:00,32.21,39.65,29.03,32.65,501.36,0.42,0.0959,0,0.0,0,0.0
2024-08-01 11:00:00,33.46,44.29,30.41,33.65,576.97,3.27,0.0959,0,0.0,0,0.0
2024-08-01 11:30:00,33.72,44.97,30.78,33.7,842.2,2.4,0.0959,0,0.0,0,0.0
2024-08-01 12:00:00,33.91,38.62,31.16,33.72,792.58,1.08,0.0959,0,0.0,0,0.0
2024-08-01 12:30:00,33.06,42.31,29.01,33.45,800.45,1.95,0.0959,0,0.0,0,0.0
2024-08-01 13:00:00,33.57,40.99,29.78,33.66,791.09,2.29,0.0959,0,0.0,0,0.0
2024-08-01 13:30:00,33.39,43.29,29.94,34.27,750.72,3.02,0.0959,0,0.0,0,0.0
2024-08-01 14:00:00,33.52,42.29,30.53,33.61,360.39,2.57,0.0959,0,0.0,0,0.0
2024-08-01 14:30:00,32.06,44.49,28.94,34.38,467.93,3.48,0.0959,0,0.0,0,0.0
2024-08-01 15:00:00,32.13,41.28,28.99,33.23,402.04,1.93,0.0959,0,0.0,0,0.0
2024-08-01 15:30:00,31.47,46.87,27.66,33.12,454.31,2.07,0.0959,0,0.0,0,0.0
2024-08-01 16:00:00,29.92,40.69,27.36,32.93,324.53,2.33,0.0959,0,0.0,0,0.0
2024-08-01 16:30:00,29.35,54.86,26.44,32.44,272.18,1.65,0.0959,0,0.0,0,0.0
2024-08-01 17:00:00,28.26,50.74,25.5,32.78,189.47,2.43,0.0959,0,0.0,0,0.0
2024-08-01 17:30:00,28.15,54.19,25.34,33.02,108.11,2.65,0.0959,0,0.0,0,0.0
2024-08-01 18:00:00,28.43,51.67,25.35,32.15,0.0,3.0,0.0959,0,0.0,0,0.0
2024-08-01 18:30:00,28.01,56.3,24.46,32.84,0.0,1.96,0.0959,0,0.0,0,0.0
2024-08-01 19:00:00,26.34,60.33,23.42,32.74,0.0,2.69,0.0959,0,0.0,0,0.0
2024-08-01 19:30:00,26.87,56.98,24.4,33.16,2.67,2.61,0.0959,0,0.0,0,0.0
2024-08-01 20:00:00,25.17,57.67,23.33,34.06,0.0,2.4,0.0959,0,0.0,0,0.0
2024-08-01 20:30:00,25.75,59.43,22.82,33.1,0.0,2.32,0.0959,0,0.0,0,0.0
2024-08-01 21:00:00,25.63,57.03,22.43,33.91,2.7,2.41,0.0959,0,0.0,0,0.0
2024-08-01 21:30:00,26.4,59.25,24.0,33.26,3.06,2.57,0.0959,0,0.0,0,0.0
2024-08-01 22:00:00,25.42,59.64,22.64,33.86,0.99,2.81,0.0959,0,0.0,0,0.0
2024-08-01 22:30:00,25.71,58.88,22.42,32.73,4.04,3.81,0.0959,0,0.0,0,0.0
2024-08-01 23:00:00,25.96,67.06,22.52,32.09,0.0,2.3,0.0959,0,0.0,0,0.0
2024-08-01 23:30:00,24.47,64.11,21.52,33.01,0.97,1.44,0.0959,0,0.0,0,0.0
2024-08-02 00:00:00,25.23,59.22,21.71,32.17,6.34,2.59,0.0967,0,0.0,1,0.0
2024-08-02 00:30:00,24.69,61.9,22.15,33.12,0.0,4.14,0.0967,0,0.0,1,0.0
2024-08-02 01:00:00,25.23,69.6,21.97,31.71,0.0,0.31,0.0967,0,0.0,1,0.0
2024-08-02 01:30:00,24.6,62.64,22.17,32.98,0.0,1.43,0.0967,0,0.0,1,0.0
2024-08-02 02:00:00,24.82,59.78,21.52,32.26,0.0,2.63,0.0967,0,0.0,1,0.0
2024-08-02 02:30:00,25.77,57.94,22.28,32.15,0.0,3.33,0.0967,0,0.0,1,0.0
2024-08-02 03:00:00,24.57,58.67,21.35,32.69,4.93,2.96,0.0967,0,0.0,1,0.0
2024-08-02 03:30:00,25.9,63.41,22.11,31.95,1.51,2.73,0.0967,0,0.0,1,0.0
2024-08-02 04:00:00,26.51,58.81,23.59,32.15,5.0,4.03,0.0967,0,0.0,1,0.0
2024-08-02 04:30:00,26.39,59.31,23.85,32.38,0.0,2.86,0.0967,0,0.0,1,0.0
2024-08-02 05:00:00,25.86,53.82,22.88,33.23,0.0,2.38,0.0967,0,0.0,1,0.0
2024-08-02 05:30:00,26.77,56.16,22.69,32.39,0.0,1.73,0.0967,0,0.0,1,0.0
2024-08-02 06:00:00,28.41,54.4,25.74,31.99,2.0,4.74,0.0967,0,0.0,1,0.0
2024-08-02 06:30:00,28.58,55.17,25.33,32.06,94.47,2.28,0.0967,0,0.0,1,0.0
2024-08-02 07:00:00,28.48,43.1,25.79,32.28,210.28,1.14,0.0967,0,0.0,1,0.0
2024-08-02 07:30:00,29.52,50.37,27.27,32.27,288.15,2.29,0.0967,0,0.0,1,0.0
2024-08-02 08:00:00,30.29,46.93,27.53,32.66,385.37,1.5,0.0967,0,0.0,1,0.0
2024-08-02 08:30:00,30.21,50.79,26.91,31.63,380.0,3.33,0.0967,0,0.0,1,0.0
2024-08-02 09:00:00,31.44,41.34,27.94,31.85,510.71,0.24,0.0967,0,0.0,1,0.0
2024-08-02 09:30:00,34.34,43.87,30.55,32.79,570.02,1.25,0.0967,0,0.0,1,0.0
2024-08-02 10:00:00,33.05,46.71,30.08,31.91,597.13,2.71,0.0967,0,0.0,1,0.0
2024-08-02 10:30:00,33.77,48.17,30.83,31.66,690.51,3.34,0.0967,0,0.0,1,0.0
2024-08-02 11:00:00,34.11,40.18,30.6,32.77,780.84,1.25,0.0967,0,0.0,1,0.0
2024-08-02 11:30:00,33.0,43.69,30.1,32.2,797.72,3.68,0.0967,0,0.0,1,0.0
2024-08-02 12:00:00,34.11,38.42,31.35,32.99,801.17,3.05,0.0967,0,0.0,1,0.0
2024-08-02 12:30:00,33.41,42.77,30.37,31.64,526.16,4.0,0.0967,0,0.0,1,0.0
2024-08-02 13:00:00,33.24,39.83,30.24,31.89,794.04,3.18,0.0967,0,0.0,1,0.0
2024-08-02 13:30:00,32.64,43.79,29.82,32.69,726.99,1.68,0.0967,0,0.0,1,0.0
2024-08-02 14:00:00,32.8,36.95,29.33,31.6,688.98,3.63,0.0967,0,0.0,1,0.0
2024-08-02 14:30:00,32.71,45.13,29.96,31.83,688.21,4.55,0.0967,0,0.0,1,0.0
2024-08-02 15:00:00,31.72,42.1,29.2,31.21,569.13,3.22,0.0967,0,0.0,1,0.0
2024-08-02 15:30:00,31.49,52.63,28.83,30.92,471.68,4.33,0.0967,0,0.0,1,0.0
2024-08-02 16:00:00,31.61,49.51,27.86,30.45,284.12,2.43,0.0967,0,0.0,1,0.0
2024-08-02 16:30:00,30.4,52.26,28.37,31.57,322.39,3.4,0.0967,0,0.0,1,0.0
2024-08-02 17:00:00,28.89,45.82,26.16,32.01,219.26,1.76,0.0967,0,0.0,1,0.0
2024-08-02 17:30:00,28.19,54.0,24.6,31.74,90.76,2.94,0.0967,0,0.0,1,0.0
2024-08-02 18:00:00,28.04,57.13,23.99,30.69,2.46,1.98,0.0967,0,0.0,1,0.0
2024-08-02 18:30:00,27.5,56.96,24.08,31.33,0.0,3.54,0.0967,0,0.0,1,0.0
2024-08-02 19:00:00,26.62,56.11,24.34,31.06,9.3,2.94,0.0967,0,0.0,1,0.0
2024-08-02 19:30:00,26.54,60.67,23.9,31.02,0.0,3.48,0.0967,0,0.0,1,0.0
2024-08-02 20:00:00,26.25,56.7,23.28,31.68,12.83,2.3,0.0967,0,0.0,1,0.0
2024-08-02 20:30:00,25.61,57.66,21.84,30.77,0.0,3.16,0.0967,0,0.0,1,0.0
2024-08-02 21:00:00,25.3,57.95,22.76,30.64,2.44,3.42,0.0967,0,0.0,1,0.0
2024-08-02 21:30:00,25.1,59.62,21.56,31.99,0.0,2.21,0.0967,0,0.0,1,0.0
2024-08-02 22:00:00,23.89,61.62,20.88,31.72,0.0,2.45,0.0967,0,0.0,1,0.0
2024-08-02 22:30:00,25.25,64.76,21.61,31.01,0.0,1.49,0.0967,0,0.0,1,0.0
2024-08-02 23:00:00,24.98,60.94,22.12,31.31,0.0,4.23,0.0967,0,0.0,1,0.0
2024-08-02 23:30:00,25.01,64.07,22.07,31.63,13.12,3.3,0.0967,0,0.0,1,0.0
2024-08-03 00:00:00,24.75,64.94,21.75,31.36,5.34,2.41,0.0951,0,0.0,2,0.0
2024-08-03 00:30:00,24.81,62.76,22.18,31.11,6.25,2.82,0.0951,0,0.0,2,0.0
2024-08-03 01:00:00,24.86,66.19,21.85,30.98,1.81,2.83,0.0951,0,0.0,2,0.0
2024-08-03 01:30:00,24.89,62.56,21.62,32.29,0.0,2.81,0.0951,0,0.0,2,0.0
2024-08-03 02:00:00,25.06,68.76,22.23,31.09,0.35,1.81,0.0951,0,0.0,2,0.0
2024-08-03 02:30:00,24.06,59.87,20.51,30.56,3.76,3.84,0.0951,0,0.0,2,0.0
2024-08-03 03:00:00,24.82,61.56,21.68,31.04,0.0,2.44,0.0951,0,0.0,2,0.0
2024-08-03 03:30:00,25.79,58.79,23.2,32.5,0.18,2.02,0.0951,0,0.0,2,0.0
2024-08-03 04:00:00,26.5,59.07,23.56,31.24,7.12,3.02,0.0951,0,0.0,2,0.0
2024-08-03 04:30:00,27.5,57.4,24.29,30.72,0.0,2.18,0.0951,0,0.0,2,0.0
2024-08-03 05:00:00,26.94,57.18,23.5,29.87,0.0,2.19,0.0951,0,0.0,2,0.0
2024-08-03 05:30:00,26.78,54.98,23.89,29.97,0.0,2.74,0.0951,0,0.0,2,0.0
2024-08-03 06:00:00,27.69,50.65,24.27,30.42,5.19,0.84,0.0951,0,0.0,2,0.0
2024-08-03 06:30:00,27.86,49.59,24.76,31.25,101.72,3.64,0.0951,0,0.0,2,0.0
2024-08-03 07:00:00,28.65,51.63,25.52,31.67,147.69,3.97,0.0951,0,0.0,2,0.0
2024-08-03 07:30:00,29.32,49.22,26.3,31.31,237.97,3.36,0.0951,0,0.0,2,0.0
2024-08-03 08:00:00,31.32,44.61,28.3,31.02,390.35,2.63,0.0951,0,0.0,2,0.0
2024-08-03 08:30:00,30.26,45.63,27.56,31.12,529.28,1.61,0.0951,0,0.0,2,0.0
2024-08-03 09:00:00,31.11,49.35,27.91,29.78,579.56,4.43,0.0951,0,0.0,2,0.0
2024-08-03 09:30:00,32.09,42.12,29.15,30.32,536.29,3.32,0.0951,0,0.0,2,0.0
2024-08-03 10:00:00,31.73,42.86,28.18,30.74,560.65,1.63,0.0951,0,0.0,2,0.0
2024-08-03 10:30:00,32.7,42.71,29.81,30.59,634.61,3.43,0.0951,0,0.0,2,0.0
2024-08-03 11:00:00,33.62,40.99,30.15,30.04,704.47,2.62,0.0951,0,0.0,2,0.0
2024-08-03 11:30:00,33.77,41.46,30.98,30.39,732.15,2.64,0.0951,0,0.0,2,0.0
2024-08-03 12:00:00,33.74,43.98,30.29,30.54,826.54,2.47,0.0951,0,0.0,2,0.0
2024-08-03 12:30:00,33.36,40.97,29.81,30.35,586.91,2.93,0.0951,0,0.0,2,0.0
2024-08-03 13:00:00,34.62,40.24,31.76,29.46,759.53,4.29,0.0951,0,0.0,2,0.0
2024-08-03 13:30:00,32.83,40.53,29.52,30.21,641.48,1.33,0.0951,0,0.0,2,0.0
2024-08-03 14:00:00,33.42,44.59,30.8,30.04,674.21,2.35,0.0951,0,0.0,2,0.0
2024-08-03 14:30:00,31.89,43.08,29.33,30.07,551.26,1.76,0.0951,0,0.0,2,0.0
2024-08-03 15:00:00,32.03,42.75,28.88,29.82,509.33,2.28,0.0951,0,0.0,2,0.0
2024-08-03 15:30:00,31.78,45.16,28.93,30.15,488.21,3.34,0.0951,0,0.0,2,0.0
2024-08-03 16:00:00,30.77,55.18,27.96,29.45,338.25,2.32,0.0951,0,0.0,2,0.0
2024-08-03 16:30:00,29.17,48.96,26.66,29.99,233.39,2.5,0.0951,0,0.0,2,0.0
2024-08-03 17:00:00,29.37,53.17,25.7,29.73,215.68,2.95,0.0951,0,0.0,2,0.0
2024-08-03 17:30:00,28.18,53.32,25.47,29.22,99.56,1.59,0.0951,0,0.0,2,0.0
2024-08-03 18:00:00,27.85,56.83,25.29,30.02,0.0,2.92,0.0951,0,0.0,2,0.0
2024-08-03 18:30:00,27.82,54.17,25.12,29.95,0.0,2.32,0.0951,0,0.0,2,0.0
2024-08-03 19:00:00,26.73,55.73,24.11,29.77,1.28,0.0,0.0951,0,0.0,2,0.0
2024-08-03 19:30:00,26.71,58.59,23.28,30.8,0.0,2.18,0.0951,0,0.0,2,0.0
2024-08-03 20:00:00,26.26,62.81,23.36,30.56,0.0,3.71,0.0951,0,0.0,2,0.0
2024-08-03 20:30:00,24.96,60.07,22.34,29.83,1.69,2.76,0.0951,0,0.0,2,0.0
2024-08-03 21:00:00,25.62,66.52,22.74,29.67,0.0,3.49,0.0951,0,0.0,2,0.0
2024-08-03 21:30:00,24.56,61.08,21.51,29.51,4.0,2.16,0.0951,0,0.0,2,0.0
2024-08-03 22:00:00,24.91,65.23,21.5,29.8,0.49,3.07,0.0951,0,0.0,2,0.0
2024-08-03 22:30:00,24.37,64.5,20.7,29.46,0.0,3.94,0.0951,0,0.0,2,0.0
2024-08-03 23:00:00,25.57,64.71,23.09,29.29,0.0,1.93,0.0951,0,0.0,2,0.0
2024-08-03 23:30:00,25.24,65.02,21.5,29.24,3.72,0.86,0.0951,0,0.0,2,0.0
2024-08-04 00:00:00,25.16,69.54,23.07,30.22,0.0,3.09,0.0927,0,0.0,3,0.0
2024-08-04 00:30:00,24.51,65.54,21.03,28.51,0.0,2.87,0.0927,0,0.0,3,0.0
2024-08-04 01:00:00,24.26,66.26,21.14,29.42,0.0,1.44,0.0927,0,0.0,3,0.0
2024-08-04 01:30:00,25.15,64.14,21.54,28.04,0.0,1.49,0.0927,0,0.0,3,0.0
2024-08-04 02:00:00,25.19,64.34,22.23,29.27,3.76,2.08,0.0927,0,0.0,3,0.0
2024-08-04 02:30:00,24.51,60.7,21.29,29.07,6.21,2.04,0.0927,0,0.0,3,0.0
2024-08-04 03:00:00,24.94,64.51,22.2,29.24,1.28,0.67,0.0927,0,0.0,3,0.0
2024-08-04 03:30:00,25.64,59.75,22.64,29.45,0.32,3.18,0.0927,0,0.0,3,0.0
2024-08-04 04:00:00,26.14,58.02,22.78,28.55,3.49,2.25,0.0927,0,0.0,3,0.0
2024-08-04 04:30:00,26.08,60.08,23.35,29.61,0.0,1.64,0.0927,0,0.0,3,0.0
2024-08-04 05:00:00,27.04,61.26,24.26,29.3,0.83,3.46,0.0927,0,0.0,3,0.0
2024-08-04 05:30:00,26.29,58.43,23.25,29.54,7.93,2.88,0.0927,0,0.0,3,0.0
2024-08-04 06:00:00,27.69,59.49,24.33,27.99,2.08,2.4,0.0927,0,0.0,3,0.0
2024-08-04 06:30:00,28.4,62.36,24.95,29.21,96.28,2.44,0.0927,0,0.0,3,0.0
2024-08-04 07:00:00,27.9,48.75,24.88,29.61,168.12,3.94,0.0927,0,0.0,3,0.0
2024-08-04 07:30:00,30.44,51.93,26.86,29.36,301.4,2.72,0.0927,0,0.0,3,0.0
2024-08-04 08:00:00,31.2,48.29,28.06,28.82,356.98,1.46,0.0927,0,0.0,3,0.0
2024-08-04 08:30:00,30.37,43.83,27.77,29.24,517.35,4.32,0.0927,0,0.0,3,0.0
2024-08-04 09:00:00,30.72,42.52,27.87,28.81,550.35,2.3,0.0927,0,0.0,3,0.0
2024-08-04 09:30:00,33.16,43.74,30.0,29.09,503.99,4.32,0.0927,0,0.0,3,0.0
2024-08-04 10:00:00,32.44,43.64,29.12,28.43,606.12,1.29,0.0927,0,0.0,3,0.0
2024-08-04 10:30:00,32.71,42.22,29.7,29.12,675.16,3.86,0.0927,0,0.0,3,0.0
2024-08-04 11:00:00,33.91,46.94,31.11,28.94,594.57,0.79,0.0927,0,0.0,3,0.0
2024-08-04 11:30:00,33.8,44.62,31.37,28.18,701.66,3.45,0.0927,0,0.0,3,0.0
2024-08-04 12:00:00,33.2,40.61,30.21,29.42,553.11,2.33,0.0927,0,0.0,3,0.0
2024-08-04 12:30:00,33.94,38.7,30.87,28.36,736.07,2.92,0.0927,0,0.0,3,0.0
2024-08-04 13:00:00,33.45,41.63,30.14,29.05,617.81,2.98,0.0927,0,0.0,3,0.0
2024-08-04 13:30:00,33.25,37.96,30.43,28.77,523.75,3.23,0.0927,0,0.0,3,0.0
2024-08-04 14:00:00,31.7,43.43,27.8,27.51,664.7,0.43,0.0927,0,0.0,3,0.0
2024-08-04 14:30:00,32.23,42.32,29.74,28.11,615.61,2.06,0.0927,0,0.0,3,0.0
2024-08-04 15:00:00,32.21,49.23,28.9,27.99,530.6,2.53,0.0927,0,0.0,3,0.0
2024-08-04 15:30:00,32.22,44.32,29.37,28.74,411.46,5.2,0.0927,0,0.0,3,0.0
2024-08-04 16:00:00,30.44,45.95,28.15,28.62,395.87,1.4,0.0927,0,0.0,3,0.0
2024-08-04 16:30:00,29.51,47.96,26.87,28.0,331.14,2.88,0.0927,0,0.0,3,0.0
2024-08-04 17:00:00,28.2,45.2,25.24,28.3,146.44,3.16,0.0927,0,0.0,3,0.0
2024-08-04 17:30:00,28.69,56.1,25.91,28.0,97.06,3.62,0.0927,0,0.0,3,0.0
2024-08-04 18:00:00,27.51,49.69,24.24,27.11,2.78,3.81,0.0927,0,0.0,3,0.0
2024-08-04 18:30:00,26.85,57.37,23.81,28.37,0.0,1.96,0.0927,0,0.0,3,0.0
2024-08-04 19:00:00,26.06,59.25,22.42,27.48,4.87,2.85,0.0927,0,0.0,3,0.0
2024-08-04 19:30:00,26.47,54.84,23.57,28.24,1.27,2.06,0.0927,0,0.0,3,0.0
2024-08-04 20:00:00,25.34,66.38,21.49,27.65,0.2,3.59,0.0927,0,0.0,3,0.0
2024-08-04 20:30:00,25.05,63.55,22.09,27.08,0.0,1.89,0.0927,0,0.0,3,0.0
2024-08-04 21:00:00,25.18,58.21,22.53,26.93,0.0,2.03,0.0927,0,0.0,3,0.0
2024-08-04 21:30:00,24.04,62.03,21.33,27.34,0.0,1.83,0.0927,0,0.0,3,0.0
2024-08-04 22:00:00,24.32,67.0,20.22,28.41,0.0,2.77,0.0927,0,0.0,3,0.0
2024-08-04 22:30:00,24.23,59.37,20.85,27.93,3.46,2.45,0.0927,0,0.0,3,0.0
2024-08-04 23:00:00,24.78,63.69,21.85,27.81,0.66,2.9,0.0927,0,0.0,3,0.0
2024-08-04 23:30:00,25.5,66.71,22.79,28.01,3.45,2.66,0.0927,0,0.0,3,0.0
2024-08-05 00:00:00,23.53,62.75,20.59,28.09,1.13,2.99,0.0985,0,0.0,4,0.0
2024-08-05 00:30:00,23.98,64.43,20.73,27.46,0.0,2.31,0.0985,0,0.0,4,0.0
2024-08-05 01:00:00,23.4,63.4,19.54,27.44,4.08,2.61,0.0985,0,0.0,4,0.0
2024-08-05 01:30:00,26.45,64.05,24.24,27.25,0.0,2.61,0.0985,0,0.0,4,0.0
2024-08-05 02:00:00,25.05,62.14,21.46,27.7,0.0,1.37,0.0985,0,0.0,4,0.0
2024-08-05 02:30:00,25.08,62.28,22.06,27.89,0.0,0.9,0.0985,0,0.0,4,0.0
2024-08-05 03:00:00,24.21,60.65,21.08,26.78,0.0,2.61,0.0985,0,0.0,4,0.0
2024-08-05 03:30:00,26.4,59.55,23.4,26.75,0.0,3.77,0.0985,0,0.0,4,0.0
2024-08-05 04:00:00,26.69,59.0,24.21,27.17,2.52,2.75,0.0985,0,0.0,4,0.0
2024-08-05 04:30:00,26.59,51.9,23.37,26.86,1.18,0.71,0.0985,0,0.0,4,0.0
2024-08-05 05:00:00,27.34,59.34,24.03,27.85,8.77,1.66,0.0985,0,0.0,4,0.0
2024-08-05 05:30:00,26.25,55.58,23.64,27.82,8.52,2.93,0.0985,0,0.0,4,0.0
2024-08-05 06:00:00,26.98,57.82,24.06,27.05,0.0,1.45,0.0985,0,0.0,4,0.0
2024-08-05 06:30:00,28.37,53.83,25.56,27.64,68.17,2.94,0.0985,0,0.0,4,0.0
2024-08-05 07:00:00,28.33,52.19,25.17,27.66,169.02,1.6,0.0985,0,0.0,4,0.0
2024-08-05 07:30:00,29.59,50.3,26.43,27.15,287.83,2.77,0.0985,0,0.0,4,0.0
2024-08-05 08:00:00,31.11,49.7,27.77,27.01,359.96,3.79,0.0985,0,0.0,4,0.0
2024-08-05 08:30:00,30.78,51.46,27.71,27.8,486.22,2.72,0.0985,0,0.0,4,0.0
2024-08-05 09:00:00,31.78,42.47,29.79,26.77,530.3,4.42,0.0985,0,0.0,4,0.0
2024-08-05 09:30:00,32.48,47.77,29.19,28.12,612.04,2.73,0.0985,0,0.0,4,0.0
2024-08-05 10:00:00,33.3,45.67,30.82,26.87,700.18,3.65,0.0985,0,0.0,4,0.0
2024-08-05 10:30:00,33.75,43.59,30.64,27.1,717.63,3.73,0.0985,0,0.0,4,0.0
2024-08-05 11:00:00,33.95,44.21,30.83,27.12,733.93,3.64,0.0985,0,0.0,4,0.0
2024-08-05 11:30:00,33.48,37.88,29.91,27.08,838.24,2.22,0.0985,0,0.0,4,0.0
2024-08-05 12:00:00,34.33,39.06,31.64,27.01,821.0,3.55,0.0985,0,0.0,4,0.0
2024-08-05 12:30:00,33.13,46.17,30.18,26.34,650.84,1.29,0.0985,0,0.0,4,0.0
2024-08-05 13:00:00,33.17,42.24,30.99,26.52,743.5,1.22,0.0985,0,0.0,4,0.0
2024-08-05 13:30:00,32.24,41.07,29.26,26.33,616.25,2.75,0.0985,0,0.0,4,0.0
2024-08-05 14:00:00,31.61,39.16,28.47,26.07,628.25,1.05,0.0985,0,0.0,4,0.0
2024-08-05 14:30:00,33.33,43.23,30.46,26.71,636.15,3.46,0.0985,0,0.0,4,0.0
2024-08-05 15:00:00,31.62,38.13,28.19,27.99,458.07,2.38,0.0985,0,0.0,4,0.0
2024-08-05 15:30:00,30.51,46.94,27.46,26.45,299.23,2.33,0.0985,0,0.0,4,0.0
2024-08-05 16:00:00,30.07,50.09,26.79,26.37,372.58,2.01,0.0985,0,0.0,4,0.0
2024-08-05 16:30:00,29.61,51.29,26.75,27.18,227.78,3.13,0.0985,0,0.0,4,0.0
2024-08-05 17:00:00,29.22,52.49,26.01,26.69,227.77,2.45,0.0985,0,0.0,4,0.0
2024-08-05 17:30:00,27.71,51.23,24.81,25.92,106.22,3.16,0.0985,0,0.0,4,0.0
2024-08-05 18:00:00,27.65,62.9,24.71,26.97,3.04,2.66,0.0985,0,0.0,4,0.0
2024-08-05 18:30:00,28.39,55.9,24.89,25.51,10.44,0.52,0.0985,0,0.0,4,0.0
2024-08-05 19:00:00,25.6,57.88,22.46,25.92,2.93,2.32,0.0985,0,0.0,4,0.0
2024-08-05 19:30:00,27.27,60.05,23.74,26.35,0.0,2.07,0.0985,0,0.0,4,0.0
2024-08-05 20:00:00,25.47,57.4,22.57,25.73,0.0,2.27,0.0985,0,0.0,4,0.0
2024-08-05 20:30:00,26.49,62.2,24.16,26.09,0.7,2.65,0.0985,0,0.0,4,0.0
2024-08-05 21:00:00,25.58,61.08,22.5,26.84,0.0,3.15,0.0985,0,0.0,4,0.0
2024-08-05 21:30:00,24.63,64.53,22.16,25.88,0.0,2.59,0.0985,0,0.0,4,0.0
2024-08-05 22:00:00,24.17,68.28,21.53,26.19,0.0,2.68,0.0985,0,0.0,4,0.0
2024-08-05 22:30:00,24.46,64.31,21.73,26.33,2.9,2.06,0.0985,0,0.0,4,0.0
2024-08-05 23:00:00,24.48,63.24,21.36,25.33,0.13,3.39,0.0985,0,0.0,4,0.0
2024-08-05 23:30:00,23.55,60.54,20.43,26.96,6.06,2.8,0.0985,0,0.0,4,0.0
2024-08-06 00:00:00,24.55,62.37,21.35,25.8,0.0,6.18,0.0928,0,0.0,5,0.0
2024-08-06 00:30:00,24.68,62.27,21.88,26.11,2.91,2.25,0.0928,0,0.0,5,0.0
2024-08-06 01:00:00,24.49,68.8,21.55,25.5,6.0,1.84,0.0928,0,0.0,5,0.0
2024-08-06 01:30:00,24.75,64.69,21.79,26.2,2.53,2.3,0.0928,0,0.0,5,0.0
2024-08-06 02:00:00,24.51,65.13,21.34,25.56,0.0,3.65,0.0928,0,0.0,5,0.0
2024-08-06 02:30:00,25.6,60.54,22.44,24.88,0.0,3.79,0.0928,0,0.0,5,0.0
2024-08-06 03:00:00,24.64,64.78,21.51,26.27,0.0,2.33,0.0928,0,0.0,5,0.0
2024-08-06 03:30:00,25.19,65.73,22.65,24.83,2.85,3.46,0.0928,0,0.0,5,0.0
2024-08-06 04:00:00,25.85,64.26,23.38,25.36,9.58,4.15,0.0928,0,0.0,5,0.0
2024-08-06 04:30:00,26.0,57.17,23.1,25.19,0.0,0.18,0.0928,0,0.0,5,0.0
2024-08-06 05:00:00,27.91,57.39,25.11,26.62,0.0,2.24,0.0928,0,0.0,5,0.0
2024-08-06 05:30:00,26.78,58.55,23.72,25.98,1.54,0.9,0.0928,0,0.0,5,0.0
2024-08-06 06:00:00,27.33,54.8,24.1,30.64,6.43,0.94,0.0928,1,11.99,0,0.657
2024-08-06 06:30:00,26.96,56.44,24.61,30.59,101.11,4.7,0.0928,0,0.0,0,0.0
2024-08-06 07:00:00,29.14,50.87,26.21,30.46,173.69,3.18,0.0928,0,0.0,0,0.0
2024-08-06 07:30:00,28.41,52.24,25.64,29.79,294.01,2.48,0.0928,0,0.0,0,0.0
2024-08-06 08:00:00,30.35,46.99,27.62,29.76,281.51,0.62,0.0928,0,0.0,0,0.0
2024-08-06 08:30:00,30.37,49.89,27.32,29.47,503.29,1.28,0.0928,0,0.0,0,0.0
2024-08-06 09:00:00,32.58,45.12,28.85,29.33,601.8,3.16,0.0928,0,0.0,0,0.0
2024-08-06 09:30:00,32.18,41.77,29.64,29.58,590.3,2.64,0.0928,0,0.0,0,0.0
2024-08-06 10:00:00,32.04,36.33,28.92,28.72,619.38,3.59,0.0928,0,0.0,0,0.0
2024-08-06 10:30:00,33.11,43.06,30.9,29.14,584.59,3.75,0.0928,0,0.0,0,0.0
2024-08-06 11:00:00,32.27,35.76,29.81,30.17,638.52,2.31,0.0928,0,0.0,0,0.0
2024-08-06 11:30:00,33.26,40.26,30.04,28.84,767.66,2.12,0.0928,0,0.0,0,0.0
2024-08-06 12:00:00,32.32,44.29,29.46,28.94,800.02,2.23,0.0928,0,0.0,0,0.0
2024-08-06 12:30:00,33.18,41.69,30.58,29.84,754.79,2.03,0.0928,0,0.0,0,0.0
2024-08-06 13:00:00,31.74,40.0,28.21,29.26,571.21,2.77,0.0928,0,0.0,0,0.0
2024-08-06 13:30:00,32.86,43.03,29.0,29.27,544.46,1.35,0.0928,0,0.0,0,0.0
2024-08-06 14:00:00,32.74,40.94,29.39,29.1,665.08,3.82,0.0928,0,0.0,0,0.0
2024-08-06 14:30:00,32.46,43.4,30.29,28.12,676.48,2.29,0.0928,0,0.0,0,0.0
2024-08-06 15:00:00,31.22,42.88,28.8,28.85,434.28,3.25,0.0928,0,0.0,0,0.0
2024-08-06 15:30:00,30.75,44.66,27.87,28.47,445.55,1.75,0.0928,0,0.0,0,0.0
2024-08-06 16:00:00,30.95,50.56,28.65,29.82,399.49,1.21,0.0928,0,0.0,0,0.0
2024-08-06 16:30:00,29.57,51.81,26.25,28.84,292.46,0.88,0.0928,0,0.0,0,0.0
2024-08-06 17:00:00,29.33,52.97,26.66,28.6,220.03,2.88,0.0928,0,0.0,0,0.0
2024-08-06 17:30:00,28.41,55.38,26.13,29.14,99.91,0.34,0.0928,0,0.0,0,0.0
2024-08-06 18:00:00,27.28,49.24,23.8,28.52,0.0,1.68,0.0928,0,0.0,0,0.0
2024-08-06 18:30:00,25.71,51.4,22.12,28.41,0.69,1.41,0.0928,0,0.0,0,0.0
2024-08-06 19:00:00,27.6,55.59,24.06,28.56,7.8,1.29,0.0928,0,0.0,0,0.0
2024-08-06 19:30:00,26.5,63.77,24.47,29.28,0.68,1.75,0.0928,0,0.0,0,0.0
2024-08-06 20:00:00,25.4,56.98,22.12,29.12,0.0,2.74,0.0928,0,0.0,0,0.0
2024-08-06 20:30:00,25.85,62.17,22.37,28.23,5.96,2.64,0.0928,0,0.0,0,0.0
2024-08-06 21:00:00,24.83,60.5,22.34,29.01,3.25,1.49,0.0928,0,0.0,0,0.0
2024-08-06 21:30:00,25.26,61.07,23.03,29.11,0.0,0.93,0.0928,0,0.0,0,0.0
2024-08-06 22:00:00,24.97,63.69,22.4,27.77,0.0,2.24,0.0928,0,0.0,0,0.0
2024-08-06 22:30:00,24.67,64.34,22.18,28.83,0.0,4.47,0.0928,0,0.0,0,0.0
2024-08-06 23:00:00,25.86,66.16,23.03,27.46,0.0,2.04,0.0928,0,0.0,0,0.0
2024-08-06 23:30:00,25.02,67.48,21.76,28.24,0.0,3.84,0.0928,0,0.0,0,0.0
2024-08-07 00:00:00,24.43,65.82,20.74,28.04,0.0,2.11,0.0972,0,0.0,1,0.0
2024-08-07 00:30:00,24.5,63.76,21.17,28.47,4.74,1.18,0.0972,0,0.0,1,0.0
2024-08-07 01:00:00,24.44,62.25,21.56,29.57,0.0,3.62,0.0972,0,0.0,1,0.0
2024-08-07 01:30:00,25.72,62.61,23.36,28.15,3.25,2.27,0.0972,0,0.0,1,0.0
2024-08-07 02:00:00,25.08,64.98,21.7,27.9,1.1,3.12,0.0972,0,0.0,1,0.0
2024-08-07 02:30:00,25.1,63.52,22.32,28.66,0.0,2.04,0.0972,0,0.0,1,0.0
2024-08-07 03:00:00,24.65,68.7,21.64,27.95,0.0,2.67,0.0972,0,0.0,1,0.0
2024-08-07 03:30:00,25.62,61.09,23.14,28.1,0.0,1.13,0.0972,0,0.0,1,0.0
2024-08-07 04:00:00,25.02,57.16,21.79,27.28,0.29,4.66,0.0972,0,0.0,1,0.0
2024-08-07 04:30:00,26.8,62.65,24.12,28.65,0.0,3.9,0.0972,0,0.0,1,0.0
2024-08-07 05:00:00,26.56,56.08,23.92,28.02,1.17,2.21,0.0972,0,0.0,1,0.0
2024-08-07 05:30:00,26.52,58.88,23.37,27.86,0.0,2.96,0.0972,0,0.0,1,0.0
2024-08-07 06:00:00,27.47,59.68,25.08,27.96,3.82,2.11,0.0972,0,0.0,1,0.0
2024-08-07 06:30:00,27.8,57.19,24.92,28.05,97.65,2.15,0.0972,0,0.0,1,0.0
2024-08-07 07:00:00,28.71,50.06,25.49,27.52,150.69,2.11,0.0972,0,0.0,1,0.0
2024-08-07 07:30:00,29.87,51.99,27.02,28.03,284.48,3.02,0.0972,0,0.0,1,0.0
2024-08-07 08:00:00,31.26,48.25,28.46,27.84,333.93,1.61,0.0972,0,0.0,1,0.0
2024-08-07 08:30:00,30.47,45.58,26.84,27.93,428.11,0.02,0.0972,0,0.0,1,0.0
2024-08-07 09:00:00,31.66,48.61,28.89,27.8,407.02,2.34,0.0972,0,0.0,1,0.0
2024-08-07 09:30:00,31.93,45.13,28.25,27.35,635.7,2.14,0.0972,0,0.0,1,0.0
2024-08-07 10:00:00,33.23,45.65,29.85,27.18,750.46,2.39,0.0972,0,0.0,1,0.0
2024-08-07 10:30:00,32.33,41.77,29.52,28.05,639.98,2.02,0.0972,0,0.0,1,0.0
2024-08-07 11:00:00,33.43,38.71,30.45,27.4,699.75,3.37,0.0972,0,0.0,1,0.0
2024-08-07 11:30:00,31.79,39.3,28.67,27.09,742.87,2.59,0.0972,0,0.0,1,0.0
2024-08-07 12:00:00,33.54,37.84,30.69,26.79,509.95,2.14,0.0972,0,0.0,1,0.0
2024-08-07 12:30:00,32.81,46.63,30.06,26.89,730.8,1.06,0.0972,0,0.0,1,0.0
2024-08-07 13:00:00,32.76,41.47,29.25,28.17,793.84,2.41,0.0972,0,0.0,1,0.0
2024-08-07 13:30:00,33.46,40.77,30.61,27.3,635.68,3.42,0.0972,0,0.0,1,0.0
2024-08-07 14:00:00,33.28,43.98,29.61,26.92,445.71,0.51,0.0972,0,0.0,1,0.0
2024-08-07 14:30:00,32.04,37.93,29.04,26.71,535.89,0.17,0.0972,0,0.0,1,0.0
2024-08-07 15:00:00,32.12,43.93,28.59,27.71,513.12,2.81,0.0972,0,0.0,1,0.0
2024-08-07 15:30:00,30.27,51.16,27.48,27.6,330.69,0.6,0.0972,0,0.0,1,0.0
2024-08-07 16:00:00,30.4,48.84,27.5,27.4,433.64,2.61,0.0972,0,0.0,1,0.0
2024-08-07 16:30:00,29.49,56.97,27.23,27.39,316.92,3.68,0.0972,0,0.0,1,0.0
2024-08-07 17:00:00,28.8,50.86,25.16,27.06,180.37,2.51,0.0972,0,0.0,1,0.0
2024-08-07 17:30:00,27.81,55.54,24.39,27.31,100.55,1.49,0.0972,0,0.0,1,0.0
2024-08-07 18:00:00,26.6,59.76,23.3,27.65,0.0,3.0,0.0972,0,0.0,1,0.0
2024-08-07 18:30:00,26.43,56.35,23.97,27.77,0.0,2.19,0.0972,0,0.0,1,0.0
2024-08-07 19:00:00,27.62,55.33,23.96,27.41,2.56,1.76,0.0972,0,0.0,1,0.0
2024-08-07 19:30:00,25.43,57.82,23.07,27.43,9.6,3.1,0.0972,0,0.0,1,0.0
2024-08-07 20:00:00,25.4,58.97,22.41,26.4,2.2,3.78,0.0972,0,0.0,1,0.0
2024-08-07 20:30:00,25.99,64.01,23.42,26.51,0.0,1.66,0.0972,0,0.0,1,0.0
2024-08-07 21:00:00,25.59,61.77,22.46,26.53,6.59,1.99,0.0972,0,0.0,1,0.0
2024-08-07 21:30:00,24.08,65.93,21.2,26.21,0.0,3.97,0.0972,0,0.0,1,0.0
2024-08-07 22:00:00,25.04,62.89,21.72,27.65,11.9,4.07,0.0972,0,0.0,1,0.0
2024-08-07 22:30:00,24.8,69.43,21.79,27.79,0.0,1.81,0.0972,0,0.0,1,0.0
2024-08-07 23:00:00,25.28,67.7,22.47,26.37,1.73,1.99,0.0972,0,0.0,1,0.0
2024-08-07 23:30:00,25.53,63.9,22.71,26.89,0.0,1.33,0.0972,0,0.0,1,0.0
2024-08-08 00:00:00,24.72,65.29,21.74,26.08,0.0,1.25,0.0934,0,0.0,2,0.0
2024-08-08 00:30:00,25.39,64.26,22.69,26.94,0.0,1.91,0.0934,0,0.0,2,0.0
2024-08-08 01:00:00,23.65,64.19,20.53,26.59,3.47,2.73,0.0934,0,0.0,2,0.0
2024-08-08 01:30:00,24.27,64.11,21.28,26.56,3.35,1.35,0.0934,0,0.0,2,0.0
2024-08-08 02:00:00,24.88,69.03,21.91,27.02,0.0,3.8,0.0934,0,0.0,2,0.0
2024-08-08 02:30:00,25.45,61.74,22.46,27.14,0.0,4.68,0.0934,0,0.0,2,0.0
2024-08-08 03:00:00,24.56,60.04,21.7,26.96,3.89,2.1,0.0934,0,0.0,2,0.0
2024-08-08 03:30:00,24.96,61.06,21.92,26.56,6.52,3.05,0.0934,0,0.0,2,0.0
2024-08-08 04:00:00,25.05,59.63,22.11,26.75,3.53,3.52,0.0934,0,0.0,2,0.0
2024-08-08 04:30:00,25.16,60.05,22.8,26.1,0.0,2.74,0.0934,0,0.0,2,0.0
2024-08-08 05:00:00,27.12,57.61,23.58,27.04,0.0,1.94,0.0934,0,0.0,2,0.0
2024-08-08 05:30:00,27.0,55.27,23.81,25.67,0.0,2.5,0.0934,0,0.0,2,0.0
2024-08-08 06:00:00,28.25,56.46,24.91,26.21,0.0,3.76,0.0934,0,0.0,2,0.0
2024-08-08 06:30:00,28.49,50.81,25.38,26.39,79.68,0.68,0.0934,0,0.0,2,0.0
2024-08-08 07:00:00,28.66,59.18,25.02,26.47,190.89,2.3,0.0934,0,0.0,2,0.0
2024-08-08 07:30:00,29.49,48.22,25.72,25.76,314.11,3.31,0.0934,0,0.0,2,0.0
2024-08-08 08:00:00,29.18,50.0,26.18,26.4,376.36,2.16,0.0934,0,0.0,2,0.0
2024-08-08 08:30:00,30.77,56.09,27.74,25.68,246.79,2.27,0.0934,0,0.0,2,0.0
2024-08-08 09:00:00,32.41,42.64,29.05,26.35,493.74,3.54,0.0934,0,0.0,2,0.0
2024-08-08 09:30:00,32.26,47.5,29.61,25.91,600.78,2.84,0.0934,0,0.0,2,0.0
2024-08-08 10:00:00,31.53,39.27,28.91,26.45,682.59,3.34,0.0934,0,0.0,2,0.0
2024-08-08 10:30:00,32.74,44.65,30.12,26.21,648.26,1.41,0.0934,0,0.0,2,0.0
2024-08-08 11:00:00,33.27,40.66,30.24,25.58,832.47,2.84,0.0934,0,0.0,2,0.0
2024-08-08 11:30:00,33.88,45.48,31.22,25.48,590.8,2.51,0.0934,0,0.0,2,0.0
2024-08-08 12:00:00,32.85,41.77,29.44,25.29,801.19,1.45,0.0934,0,0.0,2,0.0
2024-08-08 12:30:00,34.05,41.04,30.5,26.58,776.76,2.65,0.0934,0,0.0,2,0.0
2024-08-08 13:00:00,34.06,40.46,31.1,25.77,600.17,2.03,0.0934,0,0.0,2,0.0
2024-08-08 13:30:00,31.08,42.41,28.44,25.41,704.13,0.93,0.0934,0,0.0,2,0.0
2024-08-08 14:00:00,32.63,46.28,29.73,25.65,613.78,1.99,0.0934,0,0.0,2,0.0
2024-08-08 14:30:00,32.09,49.62,29.37,26.07,539.64,4.03,0.0934,0,0.0,2,0.0
2024-08-08 15:00:00,31.21,49.06,28.05,25.14,549.03,1.68,0.0934,0,0.0,2,0.0
2024-08-08 15:30:00,30.51,42.25,26.99,25.69,440.15,2.38,0.0934,0,0.0,2,0.0
2024-08-08 16:00:00,30.55,44.65,27.55,25.52,290.36,3.11,0.0934,0,0.0,2,0.0
2024-08-08 16:30:00,29.72,48.86,27.74,25.06,250.6,2.41,0.0934,0,0.0,2,0.0
2024-08-08 17:00:00,29.07,50.04,25.93,26.02,182.77,1.25,0.0934,0,0.0,2,0.0
2024-08-08 17:30:00,27.69,55.75,24.7,26.09,111.32,1.42,0.0934,0,0.0,2,0.0
2024-08-08 18:00:00,26.76,58.26,23.51,26.26,0.0,2.64,0.0934,0,0.0,2,0.0
2024-08-08 18:30:00,27.35,58.82,24.79,25.64,2.11,3.17,0.0934,0,0.0,2,0.0
2024-08-08 19:00:00,26.04,60.98,23.13,24.78,0.0,1.8,0.0934,0,0.0,2,0.0
2024-08-08 19:30:00,24.83,58.58,21.73,25.88,4.08,3.55,0.0934,0,0.0,2,0.0
2024-08-08 20:00:00,26.26,60.35,22.86,25.35,7.81,3.73,0.0934,0,0.0,2,0.0
2024-08-08 20:30:00,24.68,66.01,21.93,24.79,0.0,3.38,0.0934,0,0.0,2,0.0
2024-08-08 21:00:00,24.98,61.94,22.25,24.72,0.0,5.24,0.0934,0,0.0,2,0.0
2024-08-08 21:30:00,25.41,65.24,22.85,23.77,0.0,1.42,0.0934,0,0.0,2,0.0
2024-08-08 22:00:00,25.04,63.93,21.93,25.11,0.81,2.12,0.0934,0,0.0,2,0.0
2024-08-08 22:30:00,24.28,59.53,21.39,25.36,0.0,2.86,0.0934,0,0.0,2,0.0
2024-08-08 23:00:00,24.84,65.88,21.57,25.17,0.0,1.38,0.0934,0,0.0,2,0.0
2024-08-08 23:30:00,23.77,68.27,21.02,25.63,8.0,2.84,0.0934,0,0.0,2,0.0
2024-08-09 00:00:00,23.75,69.4,20.84,24.76,0.0,3.9,0.092,0,0.0,3,0.0
2024-08-09 00:30:00,24.13,69.03,21.13,25.77,0.0,0.81,0.092,0,0.0,3,0.0
2024-08-09 01:00:00,24.59,65.18,21.4,25.09,4.31,2.08,0.092,0,0.0,3,0.0
2024-08-09 01:30:00,24.76,63.69,22.42,25.32,0.0,3.72,0.092,0,0.0,3,0.0
2024-08-09 02:00:00,24.73,58.2,21.54,24.95,0.0,3.06,0.092,0,0.0,3,0.0
2024-08-09 02:30:00,25.66,65.26,23.11,25.11,0.0,0.4,0.092,0,0.0,3,0.0
2024-08-09 03:00:00,24.64,61.53,21.22,24.21,0.0,3.78,0.092,0,0.0,3,0.0
2024-08-09 03:30:00,24.37,63.11,21.04,24.65,0.0,3.31,0.092,0,0.0,3,0.0
2024-08-09 04:00:00,26.06,61.04,23.63,25.27,7.23,3.0,0.092,0,0.0,3,0.0
2024-08-09 04:30:00,25.34,58.71,22.24,25.29,0.0,3.31,0.092,0,0.0,3,0.0
2024-08-09 05:00:00,26.74,60.81,23.95,24.73,0.34,0.5,0.092,0,0.0,3,0.0
2024-08-09 05:30:00,26.3,55.36,23.37,23.12,0.47,3.9,0.092,0,0.0,3,0.0
2024-08-09 06:00:00,26.65,52.66,23.77,25.0,0.0,1.1,0.092,0,0.0,3,0.0
2024-08-09 06:30:00,26.91,57.18,23.48,25.04,105.04,1.22,0.092,0,0.0,3,0.0
2024-08-09 07:00:00,29.44,54.44,26.05,24.67,159.27,2.97,0.092,0,0.0,3,0.0
2024-08-09 07:30:00,30.7,53.24,28.26,24.82,340.58,1.26,0.092,0,0.0,3,0.0
2024-08-09 08:00:00,30.54,50.92,27.3,24.31,448.65,1.44,0.092,0,0.0,3,0.0
2024-08-09 08:30:00,30.75,50.13,27.06,24.19,352.55,1.99,0.092,0,0.0,3,0.0
2024-08-09 09:00:00,30.64,48.76,27.79,25.0,544.18,2.72,0.092,0,0.0,3,0.0
2024-08-09 09:30:00,31.12,47.72,28.17,24.57,471.93,4.24,0.092,0,0.0,3,0.0
2024-08-09 10:00:00,32.92,42.34,29.39,24.08,664.1,2.9,0.092,0,0.0,3,0.0
2024-08-09 10:30:00,33.88,44.75,31.01,24.15,685.89,2.67,0.092,0,0.0,3,0.0
2024-08-09 11:00:00,32.42,40.89,29.3,24.34,772.11,2.24,0.092,0,0.0,3,0.0
2024-08-09 11:30:00,32.79,37.46,28.97,24.44,778.21,1.03,0.092,0,0.0,3,0.0
2024-08-09 12:00:00,33.9,36.48,31.21,24.76,853.04,1.67,0.092,0,0.0,3,0.0
2024-08-09 12:30:00,33.75,39.82,30.32,24.09,635.62,3.15,0.092,0,0.0,3,0.0
2024-08-09 13:00:00,31.93,41.05,28.84,23.22,821.7,3.54,0.092,0,0.0,3,0.0
2024-08-09 13:30:00,33.41,38.26,31.16,23.77,517.2,1.42,0.092,0,0.0,3,0.0
2024-08-09 14:00:00,33.17,45.34,29.8,24.57,744.84,1.33,0.092,0,0.0,3,0.0
2024-08-09 14:30:00,30.62,48.32,27.56,24.88,548.39,3.45,0.092,0,0.0,3,0.0
2024-08-09 15:00:00,31.84,44.32,29.02,24.12,468.99,2.2,0.092,0,0.0,3,0.0
2024-08-09 15:30:00,31.48,49.21,28.8,24.21,407.12,2.16,0.092,0,0.0,3,0.0
2024-08-09 16:00:00,30.6,50.72,27.33,23.54,351.29,3.43,0.092,0,0.0,3,0.0
2024-08-09 16:30:00,30.24,47.17,26.84,23.25,274.87,0.33,0.092,0,0.0,3,0.0
2024-08-09 17:00:00,29.57,53.28,26.92,23.29,169.61,2.79,0.092,0,0.0,3,0.0
2024-08-09 17:30:00,27.92,59.02,25.37,24.16,110.73,3.22,0.092,0,0.0,3,0.0
2024-08-09 18:00:00,26.36,52.78,23.8,24.01,4.44,3.39,0.092,0,0.0,3,0.0
2024-08-09 18:30:00,27.32,58.33,24.11,23.6,1.43,3.01,0.092,0,0.0,3,0.0
2024-08-09 19:00:00,26.69,52.4,23.37,24.13,0.0,4.35,0.092,0,0.0,3,0.0
2024-08-09 19:30:00,26.11,63.52,22.5,24.0,0.0,2.41,0.092,0,0.0,3,0.0
2024-08-09 20:00:00,26.64,64.37,23.97,23.51,4.46,4.72,0.092,0,0.0,3,0.0
2024-08-09 20:30:00,25.78,64.81,22.42,23.46,0.0,3.89,0.092,0,0.0,3,0.0
2024-08-09 21:00:00,25.54,63.6,22.52,24.24,0.0,4.52,0.092,0,0.0,3,0.0
2024-08-09 21:30:00,24.94,62.83,22.35,23.59,0.0,4.87,0.092,0,0.0,3,0.0
2024-08-09 22:00:00,24.95,68.24,21.42,24.91,0.0,2.23,0.092,0,0.0,3,0.0
2024-08-09 22:30:00,24.25,63.72,21.04,23.93,2.31,4.21,0.092,0,0.0,3,0.0
2024-08-09 23:00:00,24.7,57.38,21.77,23.78,0.0,1.88,0.092,0,0.0,3,0.0
2024-08-09 23:30:00,24.74,67.83,21.77,23.29,6.47,3.28,0.092,0,0.0,3,0.0
2024-08-10 00:00:00,23.78,65.31,20.09,22.69,2.64,1.7,0.0935,0,0.0,4,0.0
2024-08-10 00:30:00,24.04,64.15,20.43,23.92,8.04,3.55,0.0935,0,0.0,4,0.0
2024-08-10 01:00:00,23.92,58.67,20.76,23.33,0.0,2.1,0.0935,0,0.0,4,0.0
2024-08-10 01:30:00,24.55,73.18,20.97,23.36,4.55,2.46,0.0935,0,0.0,4,0.0
2024-08-10 02:00:00,25.51,62.36,22.72,24.08,0.0,2.56,0.0935,0,0.0,4,0.0
2024-08-10 02:30:00,24.95,64.6,21.86,22.52,9.31,2.99,0.0935,0,0.0,4,0.0
2024-08-10 03:00:00,25.24,62.81,22.43,22.61,0.0,2.74,0.0935,0,0.0,4,0.0
2024-08-10 03:30:00,25.36,63.51,23.17,23.45,0.0,2.27,0.0935,0,0.0,4,0.0
2024-08-10 04:00:00,25.51,64.13,22.03,23.35,0.95,1.1,0.0935,0,0.0,4,0.0
2024-08-10 04:30:00,25.99,61.31,24.04,22.45,0.0,0.86,0.0935,0,0.0,4,0.0
2024-08-10 05:00:00,24.83,52.52,22.29,23.56,3.27,4.96,0.0935,0,0.0,4,0.0
2024-08-10 05:30:00,27.62,59.97,25.09,22.6,0.0,1.38,0.0935,0,0.0,4,0.0
2024-08-10 06:00:00,27.55,58.35,25.03,23.15,3.33,3.9,0.0935,0,0.0,4,0.0
2024-08-10 06:30:00,27.66,52.64,25.17,23.7,91.1,4.51,0.0935,0,0.0,4,0.0
2024-08-10 07:00:00,28.69,51.07,25.17,22.47,191.5,3.23,0.0935,0,0.0,4,0.0
2024-08-10 07:30:00,29.94,59.09,27.08,21.94,288.61,3.36,0.0935,0,0.0,4,0.0
2024-08-10 08:00:00,29.62,52.78,26.81,23.32,319.91,4.21,0.0935,0,0.0,4,0.0
2024-08-10 08:30:00,30.97,49.88,28.14,22.79,392.86,5.05,0.0935,0,0.0,4,0.0
2024-08-10 09:00:00,31.02,45.95,28.31,23.53,593.66,3.01,0.0935,0,0.0,4,0.0
2024-08-10 09:30:00,31.03,39.2,26.96,22.82,651.33,3.95,0.0935,0,0.0,4,0.0
2024-08-10 10:00:00,32.33,51.25,28.89,22.39,636.09,1.37,0.0935,0,0.0,4,0.0
2024-08-10 10:30:00,32.05,38.68,28.76,21.2,617.3,2.23,0.0935,0,0.0,4,0.0
2024-08-10 11:00:00,32.5,36.76,30.27,22.98,721.02,2.68,0.0935,0,0.0,4,0.0
2024-08-10 11:30:00,32.28,43.67,29.59,22.49,700.27,1.55,0.0935,0,0.0,4,0.0
2024-08-10 12:00:00,33.13,46.11,30.67,22.9,662.27,2.68,0.0935,0,0.0,4,0.0
2024-08-10 12:30:00,33.49,45.38,30.28,22.15,652.72,1.41,0.0935,0,0.0,4,0.0
2024-08-10 13:00:00,32.98,46.47,29.88,23.16,746.17,3.15,0.0935,0,0.0,4,0.0
2024-08-10 13:30:00,31.98,42.14,28.87,23.92,616.33,2.53,0.0935,0,0.0,4,0.0
2024-08-10 14:00:00,33.31,46.97,29.82,21.99,700.02,2.04,0.0935,0,0.0,4,0.0
2024-08-10 14:30:00,32.65,46.46,29.27,22.57,614.87,2.92,0.0935,0,0.0,4,0.0
2024-08-10 15:00:00,32.05,44.86,29.28,21.85,290.43,3.21,0.0935,0,0.0,4,0.0
2024-08-10 15:30:00,30.29,49.5,27.52,22.05,446.07,2.6,0.0935,0,0.0,4,0.0
2024-08-10 16:00:00,29.63,49.26,26.54,22.26,217.57,2.19,0.0935,0,0.0,4,0.0
2024-08-10 16:30:00,30.18,52.4,27.33,21.93,307.2,1.05,0.0935,0,0.0,4,0.0
2024-08-10 17:00:00,27.91,52.11,25.31,21.84,197.87,1.71,0.0935,0,0.0,4,0.0
2024-08-10 17:30:00,27.04,56.01,23.25,22.09,105.73,1.66,0.0935,0,0.0,4,0.0
2024-08-10 18:00:00,27.15,53.18,24.15,22.19,0.62,0.9,0.0935,0,0.0,4,0.0
2024-08-10 18:30:00,26.37,63.95,23.79,22.95,0.0,2.25,0.0935,0,0.0,4,0.0
2024-08-10 19:00:00,26.58,58.38,22.99,21.98,2.18,2.01,0.0935,0,0.0,4,0.0
2024-08-10 19:30:00,25.59,66.14,23.26,22.08,0.0,3.36,0.0935,0,0.0,4,0.0
2024-08-10 20:00:00,25.35,62.37,22.68,22.59,0.0,2.42,0.0935,0,0.0,4,0.0
2024-08-10 20:30:00,25.75,64.41,22.79,22.14,5.45,3.12,0.0935,0,0.0,4,0.0
2024-08-10 21:00:00,26.12,61.95,23.53,21.85,11.87,4.38,0.0935,0,0.0,4,0.0
2024-08-10 21:30:00,23.99,60.18,21.0,22.75,0.0,3.39,0.0935,0,0.0,4,0.0
2024-08-10 22:00:00,24.32,68.22,21.16,22.09,0.0,2.03,0.0935,0,0.0,4,0.0
2024-08-10 22:30:00,24.69,62.57,22.22,22.09,7.87,2.92,0.0935,0,0.0,4,0.0
2024-08-10 23:00:00,25.65,64.0,22.62,21.22,2.48,3.0,0.0935,0,0.0,4,0.0
2024-08-10 23:30:00,23.9,65.74,21.05,22.25,0.0,3.69,0.0935,0,0.0,4,0.0
2024-08-11 00:00:00,24.78,63.86,21.6,21.19,1.7,2.94,0.0928,0,0.0,5,0.0
2024-08-11 00:30:00,24.29,64.54,21.31,22.02,0.0,1.91,0.0928,0,0.0,5,0.0
2024-08-11 01:00:00,23.58,67.24,20.47,21.37,0.0,1.86,0.0928,0,0.0,5,0.0
2024-08-11 01:30:00,24.51,64.3,21.87,21.63,1.17,1.88,0.0928,0,0.0,5,0.0
2024-08-11 02:00:00,23.99,64.46,21.67,21.69,0.0,1.92,0.0928,0,0.0,5,0.0
2024-08-11 02:30:00,24.34,63.51,21.16,21.8,5.31,1.75,0.0928,0,0.0,5,0.0
2024-08-11 03:00:00,25.26,64.72,22.25,21.41,0.51,4.59,0.0928,0,0.0,5,0.0
2024-08-11 03:30:00,24.74,61.79,21.85,21.83,0.0,1.17,0.0928,0,0.0,5,0.0
2024-08-11 04:00:00,25.09,55.06,22.43,21.04,1.99,1.87,0.0928,0,0.0,5,0.0
2024-08-11 04:30:00,25.11,56.31,22.72,21.39,7.64,3.56,0.0928,0,0.0,5,0.0
2024-08-11 05:00:00,26.37,60.63,23.58,20.84,0.0,2.05,0.0928,0,0.0,5,0.0
2024-08-11 05:30:00,26.49,63.31,23.46,21.71,2.71,2.65,0.0928,0,0.0,5,0.0
2024-08-11 06:00:00,26.83,57.88,24.21,28.26,0.41,2.39,0.0928,1,19.63,0,0.677
2024-08-11 06:30:00,28.33,54.6,24.81,28.17,83.59,0.13,0.0928,0,0.0,0,0.0
2024-08-11 07:00:00,29.25,50.12,26.05,28.73,123.71,3.66,0.0928,0,0.0,0,0.0
2024-08-11 07:30:00,29.07,53.86,25.64,28.53,183.71,0.37,0.0928,0,0.0,0,0.0
2024-08-11 08:00:00,29.7,50.98,26.6,27.59,345.55,2.65,0.0928,0,0.0,0,0.0
2024-08-11 08:30:00,30.94,45.89,27.85,27.64,494.46,2.59,0.0928,0,0.0,0,0.0
2024-08-11 09:00:00,31.12,39.42,28.35,28.52,524.41,1.41,0.0928,0,0.0,0,0.0
2024-08-11 09:30:00,31.7,46.64,27.44,28.55,600.98,3.06,0.0928,0,0.0,0,0.0
2024-08-11 10:00:00,32.14,42.79,29.62,27.92,702.54,4.76,0.0928,0,0.0,0,0.0
2024-08-11 10:30:00,32.74,41.49,29.93,28.33,768.53,2.05,0.0928,0,0.0,0,0.0
2024-08-11 11:00:00,32.38,42.36,28.89,27.13,671.06,4.28,0.0928,0,0.0,0,0.0
2024-08-11 11:30:00,33.55,42.52,30.65,27.33,744.8,3.17,0.0928,0,0.0,0,0.0
2024-08-11 12:00:00,33.08,43.54,29.64,28.1,818.72,2.66,0.0928,0,0.0,0,0.0
2024-08-11 12:30:00,33.11,44.53,30.33,27.12,556.41,1.74,0.0928,0,0.0,0,0.0
2024-08-11 13:00:00,31.82,45.37,29.3,27.96,655.28,2.78,0.0928,0,0.0,0,0.0
2024-08-11 13:30:00,32.8,40.38,29.58,27.77,782.84,2.9,0.0928,0,0.0,0,0.0
2024-08-11 14:00:00,32.43,37.91,29.8,27.49,740.33,1.55,0.0928,0,0.0,0,0.0
2024-08-11 14:30:00,32.2,45.56,28.95,27.6,480.01,1.54,0.0928,0,0.0,0,0.0
2024-08-11 15:00:00,31.87,44.18,29.15,27.09,560.41,2.61,0.0928,0,0.0,0,0.0
2024-08-11 15:30:00,30.25,49.37,27.78,27.75,402.35,1.98,0.0928,0,0.0,0,0.0
2024-08-11 16:00:00,30.2,47.97,27.39,29.32,331.83,3.03,0.0928,0,0.0,0,0.0
2024-08-11 16:30:00,29.31,49.53,25.97,27.2,301.96,2.52,0.0928,0,0.0,0,0.0
2024-08-11 17:00:00,28.05,49.99,25.3,27.57,184.45,3.49,0.0928,0,0.0,0,0.0
2024-08-11 17:30:00,28.19,50.89,25.63,27.02,94.48,0.41,0.0928,0,0.0,0,0.0
2024-08-11 18:00:00,26.27,55.33,24.02,26.76,9.19,3.7,0.0928,0,0.0,0,0.0
2024-08-11 18:30:00,27.88,58.92,24.1,26.84,0.0,2.22,0.0928,0,0.0,0,0.0
2024-08-11 19:00:00,25.96,61.32,22.61,27.96,1.64,3.03,0.0928,0,0.0,0,0.0
2024-08-11 19:30:00,25.19,59.51,21.55,27.25,4.52,1.35,0.0928,0,0.0,0,0.0
2024-08-11 20:00:00,25.16,66.59,22.66,26.73,0.0,2.95,0.0928,0,0.0,0,0.0
2024-08-11 20:30:00,24.01,65.55,20.82,27.76,0.0,3.79,0.0928,0,0.0,0,0.0
2024-08-11 21:00:00,25.33,62.75,22.17,26.56,0.0,1.32,0.0928,0,0.0,0,0.0
2024-08-11 21:30:00,25.35,63.75,22.39,26.77,1.62,2.85,0.0928,0,0.0,0,0.0
2024-08-11 22:00:00,25.65,63.75,21.56,27.08,3.38,3.51,0.0928,0,0.0,0,0.0
2024-08-11 22:30:00,24.62,66.89,21.78,26.82,0.27,1.65,0.0928,0,0.0,0,0.0
2024-08-11 23:00:00,22.64,69.56,19.54,27.2,0.0,3.39,0.0928,0,0.0,0,0.0
2024-08-11 23:30:00,23.92,62.23,21.33,27.4,0.0,2.75,0.0928,0,0.0,0,0.0
2024-08-12 00:00:00,24.06,69.01,20.7,26.91,2.93,2.82,0.092,0,0.0,1,0.0
2024-08-12 00:30:00,23.7,68.57,20.32,27.09,0.27,3.32,0.092,0,0.0,1,0.0
2024-08-12 01:00:00,24.02,65.73,20.55,27.41,2.17,2.66,0.092,0,0.0,1,0.0
2024-08-12 01:30:00,24.95,65.7,22.0,26.57,5.49,3.06,0.092,0,0.0,1,0.0
2024-08-12 02:00:00,24.78,66.8,21.47,26.63,2.62,3.2,0.092,0,0.0,1,0.0
2024-08-12 02:30:00,24.29,66.88,21.61,26.47,0.63,2.57,0.092,0,0.0,1,0.0
2024-08-12 03:00:00,25.15,60.8,22.66,25.84,1.84,1.45,0.092,0,0.0,1,0.0
2024-08-12 03:30:00,24.95,61.81,22.17,26.1,0.65,3.32,0.092,0,0.0,1,0.0
2024-08-12 04:00:00,25.91,63.34,22.63,25.98,0.0,1.53,0.092,0,0.0,1,0.0
2024-08-12 04:30:00,26.27,62.59,23.25,26.81,0.0,4.53,0.092,0,0.0,1,0.0
2024-08-12 05:00:00,26.27,58.54,23.61,25.89,0.87,2.82,0.092,0,0.0,1,0.0
2024-08-12 05:30:00,26.91,57.38,24.21,26.66,0.0,1.63,0.092,0,0.0,1,0.0
2024-08-12 06:00:00,26.25,59.81,22.76,27.32,2.45,3.51,0.092,0,0.0,1,0.0
2024-08-12 06:30:00,27.57,52.92,24.44,26.0,99.35,2.72,0.092,0,0.0,1,0.0
2024-08-12 07:00:00,28.63,55.41,25.91,26.6,210.42,1.76,0.092,0,0.0,1,0.0
2024-08-12 07:30:00,28.38,52.2,25.74,26.25,197.86,4.39,0.092,0,0.0,1,0.0
2024-08-12 08:00:00,29.65,44.79,26.78,26.42,301.74,2.79,0.092,0,0.0,1,0.0
2024-08-12 08:30:00,30.79,46.03,28.52,25.85,421.02,2.16,0.092,0,0.0,1,0.0
2024-08-12 09:00:00,31.8,41.93,28.61,26.57,585.69,3.55,0.092,0,0.0,1,0.0
2024-08-12 09:30:00,31.77,38.21,28.68,27.03,591.45,3.04,0.092,0,0.0,1,0.0
2024-08-12 10:00:00,32.9,44.76,30.28,27.12,648.84,3.42,0.092,0,0.0,1,0.0
2024-08-12 10:30:00,33.03,42.73,29.77,26.51,665.65,2.6,0.092,0,0.0,1,0.0
2024-08-12 11:00:00,32.86,48.28,29.48,26.43,580.2,3.49,0.092,0,0.0,1,0.0
2024-08-12 11:30:00,33.6,41.73,30.83,26.22,651.64,0.95,0.092,0,0.0,1,0.0
2024-08-12 12:00:00,32.14,37.18,29.08,26.6,708.75,0.41,0.092,0,0.0,1,0.0
2024-08-12 12:30:00,33.38,40.45,30.57,26.49,635.48,2.61,0.092,0,0.0,1,0.0
2024-08-12 13:00:00,32.54,45.39,29.54,26.34,843.55,2.24,0.092,0,0.0,1,0.0
2024-08-12 13:30:00,33.06,46.76,29.29,25.52,748.91,3.4,0.092,0,0.0,1,0.0
2024-08-12 14:00:00,33.12,48.87,30.51,25.81,442.79,2.63,0.092,0,0.0,1,0.0
2024-08-12 14:30:00,31.35,45.05,28.75,25.7,462.94,2.09,0.092,0,0.0,1,0.0
2024-08-12 15:00:00,29.56,48.36,26.47,26.79,621.79,1.2,0.092,0,0.0,1,0.0
2024-08-12 15:30:00,30.78,53.53,27.52,25.97,426.6,1.0,0.092,0,0.0,1,0.0
2024-08-12 16:00:00,30.84,49.83,28.29,26.14,315.44,2.43,0.092,0,0.0,1,0.0
2024-08-12 16:30:00,30.01,61.05,26.9,26.62,229.84,1.89,0.092,0,0.0,1,0.0
2024-08-12 17:00:00,28.1,58.67,24.67,25.72,203.16,0.41,0.092,0,0.0,1,0.0
2024-08-12 17:30:00,27.8,54.55,24.89,25.54,101.97,2.76,0.092,0,0.0,1,0.0
2024-08-12 18:00:00,27.05,58.32,24.59,25.9,5.64,3.35,0.092,0,0.0,1,0.0
2024-08-12 18:30:00,27.41,57.23,24.91,25.04,0.0,1.89,0.092,0,0.0,1,0.0
2024-08-12 19:00:00,25.85,56.65,23.38,26.21,0.98,1.36,0.092,0,0.0,1,0.0
2024-08-12 19:30:00,26.3,60.33,24.09,26.41,0.0,4.06,0.092,0,0.0,1,0.0
2024-08-12 20:00:00,25.87,64.31,23.25,25.23,1.59,2.86,0.092,0,0.0,1,0.0
2024-08-12 20:30:00,25.28,61.32,22.29,26.21,6.41,2.37,0.092,0,0.0,1,0.0
2024-08-12 21:00:00,23.78,64.73,20.98,25.89,0.54,4.46,0.092,0,0.0,1,0.0
2024-08-12 21:30:00,25.46,62.1,22.34,25.13,1.83,4.05,0.092,0,0.0,1,0.0
2024-08-12 22:00:00,24.95,67.19,22.22,25.55,0.0,4.61,0.092,0,0.0,1,0.0
2024-08-12 22:30:00,24.02,65.76,20.75,25.67,10.47,1.34,0.092,0,0.0,1,0.0
2024-08-12 23:00:00,22.73,70.69,19.81,25.07,2.19,1.94,0.092,0,0.0,1,0.0
2024-08-12 23:30:00,24.15,65.45,20.52,25.45,0.0,3.84,0.092,0,0.0,1,0.0
2024-08-13 00:00:00,22.75,64.16,19.57,25.23,4.21,4.67,0.0939,0,0.0,2,0.0
2024-08-13 00:30:00,23.05,65.62,19.93,25.03,6.08,2.52,0.0939,0,0.0,2,0.0
2024-08-13 01:00:00,24.83,64.32,21.96,25.08,1.25,3.59,0.0939,0,0.0,2,0.0
2024-08-13 01:30:00,24.62,65.07,22.02,24.82,2.27,3.36,0.0939,0,0.0,2,0.0
2024-08-13 02:00:00,23.66,61.02,20.87,25.06,1.83,1.18,0.0939,0,0.0,2,0.0
2024-08-13 02:30:00,24.91,63.07,21.41,25.51,3.46,1.94,0.0939,0,0.0,2,0.0
2024-08-13 03:00:00,23.88,61.93,20.65,25.38,0.0,3.39,0.0939,0,0.0,2,0.0
2024-08-13 03:30:00,25.04,65.11,22.23,25.25,0.0,2.86,0.0939,0,0.0,2,0.0
2024-08-13 04:00:00,25.71,60.9,22.8,25.68,4.52,1.62,0.0939,0,0.0,2,0.0
2024-08-13 04:30:00,26.14,58.14,23.25,23.97,0.0,2.81,0.0939,0,0.0,2,0.0
2024-08-13 05:00:00,26.25,53.55,23.03,24.68,0.0,2.39,0.0939,0,0.0,2,0.0
2024-08-13 05:30:00,25.84,57.2,23.1,24.69,0.0,2.33,0.0939,0,0.0,2,0.0
2024-08-13 06:00:00,27.57,62.54,24.12,25.32,6.02,3.67,0.0939,0,0.0,2,0.0
2024-08-13 06:30:00,29.12,56.7,26.14,24.74,72.24,2.68,0.0939,0,0.0,2,0.0
2024-08-13 07:00:00,28.97,50.28,26.54,24.25,201.38,2.69,0.0939,0,0.0,2,0.0
2024-08-13 07:30:00,28.65,57.77,25.23,25.98,286.78,2.29,0.0939,0,0.0,2,0.0
2024-08-13 08:00:00,29.71,48.29,26.6,23.5,324.94,1.8,0.0939,0,0.0,2,0.0
2024-08-13 08:30:00,31.57,48.27,28.85,24.45,460.48,2.19,0.0939,0,0.0,2,0.0
2024-08-13 09:00:00,30.08,43.79,26.37,25.41,435.29,3.34,0.0939,0,0.0,2,0.0
2024-08-13 09:30:00,32.26,48.25,29.98,24.25,645.42,0.49,0.0939,0,0.0,2,0.0
2024-08-13 10:00:00,32.58,40.3,30.01,24.9,672.56,3.23,0.0939,0,0.0,2,0.0
2024-08-13 10:30:00,31.45,44.02,28.61,24.76,614.35,1.32,0.0939,0,0.0,2,0.0
2024-08-13 11:00:00,32.8,51.58,29.95,24.81,719.3,1.67,0.0939,0,0.0,2,0.0
2024-08-13 11:30:00,32.58,45.6,30.17,24.4,841.78,1.71,0.0939,0,0.0,2,0.0
2024-08-13 12:00:00,33.31,38.51,30.1,25.02,666.76,5.49,0.0939,0,0.0,2,0.0
2024-08-13 12:30:00,32.82,44.36,29.66,23.61,626.98,1.74,0.0939,0,0.0,2,0.0
2024-08-13 13:00:00,32.51,41.67,29.76,24.67,751.32,3.48,0.0939,0,0.0,2,0.0
2024-08-13 13:30:00,32.13,45.64,29.67,24.05,652.11,3.42,0.0939,0,0.0,2,0.0
2024-08-13 14:00:00,31.95,45.23,29.0,24.99,551.37,2.62,0.0939,0,0.0,2,0.0
2024-08-13 14:30:00,32.19,48.03,28.57,23.94,593.46,3.65,0.0939,0,0.0,2,0.0
2024-08-13 15:00:00,31.63,45.24,28.9,23.8,447.03,3.08,0.0939,0,0.0,2,0.0
2024-08-13 15:30:00,30.42,51.0,27.42,23.11,440.21,4.6,0.0939,0,0.0,2,0.0
2024-08-13 16:00:00,28.88,50.06,26.4,23.07,281.0,1.67,0.0939,0,0.0,2,0.0
2024-08-13 16:30:00,28.65,51.63,25.58,24.04,230.62,2.13,0.0939,0,0.0,2,0.0
2024-08-13 17:00:00,28.23,60.65,24.88,23.96,171.65,2.83,0.0939,0,0.0,2,0.0
2024-08-13 17:30:00,28.37,51.73,25.63,24.11,106.65,1.11,0.0939,0,0.0,2,0.0
2024-08-13 18:00:00,26.57,63.84,23.26,24.09,0.0,2.74,0.0939,0,0.0,2,0.0
2024-08-13 18:30:00,26.78,59.22,23.65,24.28,6.2,2.14,0.0939,0,0.0,2,0.0
2024-08-13 19:00:00,27.1,62.58,24.47,24.36,3.93,2.28,0.0939,0,0.0,2,0.0
2024-08-13 19:30:00,26.71,60.24,24.23,24.6,9.29,2.45,0.0939,0,0.0,2,0.0
2024-08-13 20:00:00,25.34,63.31,22.64,24.32,0.16,3.98,0.0939,0,0.0,2,0.0
2024-08-13 20:30:00,25.44,58.2,22.22,24.31,0.0,2.8,0.0939,0,0.0,2,0.0
2024-08-13 21:00:00,24.89,60.76,22.29,23.84,0.0,1.39,0.0939,0,0.0,2,0.0
2024-08-13 21:30:00,23.97,67.03,21.09,23.99,4.74,1.44,0.0939,0,0.0,2,0.0
2024-08-13 22:00:00,25.69,63.67,22.73,24.27,0.0,1.36,0.0939,0,0.0,2,0.0
2024-08-13 22:30:00,24.43,64.19,20.9,23.42,4.07,3.77,0.0939,0,0.0,2,0.0
2024-08-13 23:00:00,23.85,62.65,21.29,23.39,0.0,1.47,0.0939,0,0.0,2,0.0
2024-08-13 23:30:00,24.82,64.39,20.98,24.04,0.0,1.49,0.0939,0,0.0,2,0.0
